,RGB_oc,RGB-n_oc,oc_n
I-0-0,0.5979523958047743,0.8768465998137254,0.8579759429373042
I-0-1,0.6208788123922241,0.893999405526639,0.8614278542283536
