,RGB_oc,phc_oc,oc_phc,RGB-phc_oc,RGB_phc,RGB-oc_phc,phh_oc,oc_phh,RGB-phh_oc,RGB_phh,RGB-oc_phh,ec_oc,oc_ec,RGB-ec_oc,RGB_ec,RGB-oc_ec,caco3_oc,oc_caco3,RGB-caco3_oc,RGB_caco3,RGB-oc_caco3,p_oc,oc_p,RGB-p_oc,RGB_p,RGB-oc_p,n_oc,oc_n,RGB-n_oc,RGB_n,RGB-oc_n,k_oc,oc_k,RGB-k_oc,RGB_k,RGB-oc_k
I-0-0,0.5979523958047743,0.2899602369429807,0.12798132745363822,0.7053754249115007,0.1093644907487874,0.18369015653872922,0.11314346441430745,0.10931258838912283,0.681523128081497,0.09546345722924088,0.16831901391898207,0.16462334583151184,0.17976014818419583,0.639049839754011,0.11924122809247684,0.20535734823425666,0.012327413153226385,0.011304010797365094,0.5989362524846902,0.15718146870861172,0.1599032637219997,0.06110040458709198,0.059871103528652436,0.6221458640994322,0.06163417487035949,0.07449905335411133,0.8545538643930987,0.8579759429373042,0.8768465998137254,0.5974320965754117,0.8902921549423383,0.006621948582508419,0.005920396528859229,0.6083829364061357,0.008042839097011423,0.01587873202764356
I-0-1,0.6208788123922241,0.27985421164487434,0.1245572904293425,0.7067408739773993,0.11877734612901303,0.16164822273230028,0.10717105007848293,0.10725438390372777,0.6911259530841747,0.10459719351800434,0.13702814008457387,0.18049667530950764,0.1740052439199865,0.6663478159742964,0.1093261670716219,0.16820407351306677,0.013658796655512284,0.01353509292500299,0.6165435632346146,0.1670266758742005,0.1710011702738039,0.060892405617332224,0.05382834655646074,0.6309089049772227,0.05938517440820257,0.07782439724431278,0.8774556158289251,0.8614278542283536,0.893999405526639,0.5966321260917195,0.8875209397756767,0.006485853995980118,-0.005080807173534652,0.6158441022157966,0.004912657817674693,-0.004461227015222002
