,RGB_oc,RGB-n_oc,oc_n
I-0-0,0.5979523958047743,0.0,0.0
I-0-1,0.6208788123922241,0.0,0.0
