,RGB_oc,RGB-phc_oc,RGB-phh_oc,RGB-ec_oc,RGB-caco3_oc,RGB-p_oc,RGB-n_oc,RGB-k_oc
I-0-0,0.5979523958047743,0.7053754249115007,0.681523128081497,0.639049839754011,0.5989362524846902,0.0,0.0,0.0
I-0-1,0.6208788123922241,0.7067408739773993,0.6911259530841747,0.6663478159742964,0.6165435632346146,0.0,0.0,0.0
