,RGB_oc,RGB-phc_oc,RGB-phh_oc,RGB-ec_oc,RGB-caco3_oc,RGB-p_oc,RGB-n_oc,RGB-k_oc
I-0-0,0.5979698411776908,0.7053535393704063,0.6815302638779126,0.6390498401062933,0.5989362615622114,0.6221458726338889,0.8769672392610613,0.6083829409998673
I-0-1,0.6208685949140896,0.7067916516997637,0.6911150628398656,0.6673050049369829,0.6165626788913361,0.6309083637708437,0.8939994087645063,0.6158441025439834
